.metric,.estimator,.estimate
rmse,standard,1.005676998212898
rsq,standard,0.08983574380999562
mae,standard,0.22985357063256323
