.metric,.estimator,.estimate
rmse,standard,1.0056769982128961
rsq,standard,0.08983574381000824
mae,standard,0.22985357063253975
