.metric,.estimator,.estimate
rmse,standard,1.0985200880133008
rsq,standard,0.07216313193524217
mae,standard,0.23998929784583797
