.metric,.estimator,.estimate
rmse,standard,1.0985200880132953
rsq,standard,0.07216313193525761
mae,standard,0.23998929784579612
