.metric,.estimator,.estimate
rmse,standard,0.32556753445402054
rsq,standard,0.003482014272521427
mae,standard,0.028641002118774225
