.metric,.estimator,.estimate
rmse,standard,0.32556753445402054
rsq,standard,0.0034820142725223466
mae,standard,0.028641002118775488
